<?xml version="1.0" encoding="utf-8" standalone="yes" ?>
<rss version="2.0" xmlns:atom="http://www.w3.org/2005/Atom">
  <channel>
    <title>Tags on STOR 831 Course site</title>
    <link>/tags/</link>
    <description>Recent content in Tags on STOR 831 Course site</description>
    <generator>Hugo -- gohugo.io</generator>
    <language>en-us</language>
    <lastBuildDate>Tue, 12 Sep 2017 00:00:00 +0000</lastBuildDate>
    
	<atom:link href="/tags/index.xml" rel="self" type="application/rss+xml" />
    
    
    <item>
      <title>Fall 2017</title>
      <link>/tags/fall-2017/</link>
      <pubDate>Tue, 12 Sep 2017 00:00:00 +0000</pubDate>
      
      <guid>/tags/fall-2017/</guid>
      <description></description>
    </item>
    
  </channel>
</rss>