<?xml version="1.0" encoding="utf-8" standalone="yes" ?>
<rss version="2.0" xmlns:atom="http://www.w3.org/2005/Atom">
  <channel>
    <title>Categories on STOR 831 Course site</title>
    <link>/categories/</link>
    <description>Recent content in Categories on STOR 831 Course site</description>
    <generator>Hugo -- gohugo.io</generator>
    <language>en-us</language>
    
	<atom:link href="/categories/index.xml" rel="self" type="application/rss+xml" />
    
    
    <item>
      <title>Course Description</title>
      <link>/categories/course-description/</link>
      <pubDate>Sun, 10 Sep 2017 00:00:00 +0000</pubDate>
      
      <guid>/categories/course-description/</guid>
      <description></description>
    </item>
    
    <item>
      <title>Schedule</title>
      <link>/categories/schedule/</link>
      <pubDate>Tue, 12 Sep 2017 00:00:00 +0000</pubDate>
      
      <guid>/categories/schedule/</guid>
      <description></description>
    </item>
    
  </channel>
</rss>